ym,distance
202410,1.5094310214032796
202411,1.613402533206823
202408,1.727059660704322
202406,1.9146179223306454
202405,2.034200276437815
